{"cameraMode":{"drawMode":0,"name":"Shaded","section":"Shading Mode"},"sceneLighting":true,"audioPlay":false,"sceneViewState":{"m_AlwaysRefresh":false,"showFog":true,"showSkybox":true,"showFlares":true,"showImageEffects":true,"showParticleSystems":true,"showVisualEffectGraphs":true,"m_FxEnabled":true},"in2DMode":false,"pivot":{"x":-1.5707321166992188,"y":-39.57642364501953,"z":-19.134822845458986},"rotation":{"x":-0.7469479441642761,"y":-0.000426016136771068,"z":0.00041172822238877416,"w":-0.6650938987731934},"size":101.03385925292969,"orthographic":true}